State/Region Pcode,State/Region Name,District Pcode,District Name,Township Pcode,Township Name,Vulnerability Score,Approximate Vulnerable Population,Vulnerability Band
MMR001,Kachin,MMR001D001,Myitkyina,MMR001001,Myitkyina,0,134058,6
MMR001,Kachin,MMR001D001,Myitkyina,MMR001002,Waingmaw,1,73969,2
MMR001,Kachin,MMR001D001,Myitkyina,MMR001003,Injangyang,1,939,2
MMR001,Kachin,MMR001D001,Myitkyina,MMR001004,Tanai,1,33133,4
MMR001,Kachin,MMR001D001,Myitkyina,MMR001005,Chipwi,1,13384,1
MMR001,Kachin,MMR001D001,Myitkyina,MMR001006,Tsawlaw,1,4090,2
MMR001,Kachin,MMR001D002,Mohnyin,MMR001007,Mohnyin,0,103714,6
MMR001,Kachin,MMR001D002,Mohnyin,MMR001008,Mogaung,0,65843,6
MMR001,Kachin,MMR001D002,Mohnyin,MMR001009,Hpakant,0,157317,5
MMR001,Kachin,MMR001D003,Bhamo,MMR001010,Bhamo,0,65675,6
MMR001,Kachin,MMR001D003,Bhamo,MMR001011,Shwegu,1,49974,4
MMR001,Kachin,MMR001D003,Bhamo,MMR001012,Momauk,1,48501,2
MMR001,Kachin,MMR001D003,Bhamo,MMR001013,Mansi,1,39278,6
MMR001,Kachin,MMR001D004,Puta-O,MMR001014,Puta-O,1,35640,4
MMR001,Kachin,MMR001D004,Puta-O,MMR001015,Sumprabum,1,1599,2
MMR001,Kachin,MMR001D004,Puta-O,MMR001016,Machanbaw,1,4489,4
MMR001,Kachin,MMR001D004,Puta-O,MMR001017,Nawngmun,1,3832,4
MMR001,Kachin,MMR001D004,Puta-O,MMR001018,Khaunglanhpu,1,6773,4
MMR002,Kayah,MMR002D001,Loikaw,MMR002001,Loikaw,0,43424,6
MMR002,Kayah,MMR002D001,Loikaw,MMR002002,Demoso,0,34577,3
MMR002,Kayah,MMR002D001,Loikaw,MMR002003,Hpruso,0,14512,3
MMR002,Kayah,MMR002D001,Loikaw,MMR002004,Shadaw,1,3848,2
MMR002,Kayah,MMR002D002,Bawlake,MMR002005,Bawlakhe,0,4374,6
MMR002,Kayah,MMR002D002,Bawlake,MMR002006,Hpasawng,0,11155,6
MMR002,Kayah,MMR002D002,Bawlake,MMR002007,Mese,0,2802,4
MMR003,Kayin,MMR003D001,Hpa-An,MMR003001,Hpa-An,1,224498,3
MMR003,Kayin,MMR003D001,Hpa-An,MMR003002,Hlaingbwe,1,183543,1
MMR003,Kayin,MMR003D004,Hpapun,MMR003003,Hpapun,1,65139,4
MMR003,Kayin,MMR003D001,Hpa-An,MMR003004,Thandaunggyi,1,55542,4
MMR003,Kayin,MMR003D002,Myawaddy,MMR003005,Myawaddy,1,105715,6
MMR003,Kayin,MMR003D003,Kawkareik,MMR003006,Kawkareik,1,138454,1
MMR003,Kayin,MMR003D003,Kawkareik,MMR003007,Kyainseikgyi,1,143860,1
MMR004,Chin,MMR004D001,Falam,MMR004001,Falam,0,19718,6
MMR004,Chin,MMR004D003,Hakha,MMR004002,Hakha,0,19821,4
MMR004,Chin,MMR004D003,Hakha,MMR004003,Thantlang,0,22607,4
MMR004,Chin,MMR004D001,Falam,MMR004004,Tedim,0,40144,4
MMR004,Chin,MMR004D001,Falam,MMR004005,Tonzang,1,16025,4
MMR004,Chin,MMR004D002,Mindat,MMR004006,Mindat,1,23837,3
MMR004,Chin,MMR004D002,Mindat,MMR004007,Matupi,0,24948,3
MMR004,Chin,MMR004D002,Mindat,MMR004008,Kanpetlet,1,12445,2
MMR004,Chin,MMR004D002,Mindat,MMR004009,Paletwa,1,71586,2
MMR005,Sagaing,MMR005D001,Sagaing,MMR005001,Sagaing,0,111435,6
MMR005,Sagaing,MMR005D001,Sagaing,MMR005002,Myinmu,0,46314,6
MMR005,Sagaing,MMR005D001,Sagaing,MMR005003,Myaung,0,47650,5
MMR005,Sagaing,MMR005D002,Shwebo,MMR005004,Shwebo,0,101514,6
MMR005,Sagaing,MMR005D002,Shwebo,MMR005005,Khin-U,0,67122,5
MMR005,Sagaing,MMR005D002,Shwebo,MMR005006,Wetlet,0,93238,5
MMR005,Sagaing,MMR005D002,Shwebo,MMR005007,Kanbalu,0,137972,4
MMR005,Sagaing,MMR005D002,Shwebo,MMR005008,Kyunhla,0,44458,6
MMR005,Sagaing,MMR005D002,Shwebo,MMR005009,Ye-U,0,50725,5
MMR005,Sagaing,MMR005D002,Shwebo,MMR005010,Tabayin,0,67019,4
MMR005,Sagaing,MMR005D002,Shwebo,MMR005011,Taze,0,73583,4
MMR005,Sagaing,MMR005D003,Monywa,MMR005012,Monywa,0,121380,7
MMR005,Sagaing,MMR005D003,Monywa,MMR005013,Budalin,0,53474,5
MMR005,Sagaing,MMR005D003,Monywa,MMR005014,Ayadaw,0,72548,5
MMR005,Sagaing,MMR005D003,Monywa,MMR005015,Chaung-U,0,42919,6
MMR005,Sagaing,MMR005D009,Yinmabin,MMR005016,Yinmabin,0,64441,5
MMR005,Sagaing,MMR005D009,Yinmabin,MMR005017,Kani,0,62867,4
MMR005,Sagaing,MMR005D009,Yinmabin,MMR005018,Salingyi,0,49332,6
MMR005,Sagaing,MMR005D009,Yinmabin,MMR005019,Pale,0,68928,5
MMR005,Sagaing,MMR005D004,Katha,MMR005020,Katha,0,77691,4
MMR005,Sagaing,MMR005D004,Katha,MMR005021,Indaw,0,54172,6
MMR005,Sagaing,MMR005D004,Katha,MMR005022,Tigyaing,0,59214,4
MMR005,Sagaing,MMR005D004,Katha,MMR005023,Banmauk,1,56371,4
MMR005,Sagaing,MMR005D004,Katha,MMR005024,Kawlin,0,58885,6
MMR005,Sagaing,MMR005D004,Katha,MMR005025,Wuntho,0,30329,6
MMR005,Sagaing,MMR005D004,Katha,MMR005026,Pinlebu,1,58849,4
MMR005,Sagaing,MMR005D005,Kale,MMR005027,Kale,0,149862,4
MMR005,Sagaing,MMR005D005,Kale,MMR005028,Kalewa,0,24954,5
MMR005,Sagaing,MMR005D005,Kale,MMR005029,Mingin,0,49684,4
MMR005,Sagaing,MMR005D006,Tamu,MMR005030,Tamu,1,60230,4
MMR005,Sagaing,MMR005D007,Mawlaik,MMR005031,Mawlaik,0,23040,4
MMR005,Sagaing,MMR005D007,Mawlaik,MMR005032,Paungbyin,0,53918,4
MMR005,Sagaing,MMR005D008,Hkamti,MMR005033,Hkamti,0,22964,3
MMR005,Sagaing,MMR005D008,Hkamti,MMR005034,Homalin,0,124655,4
MMR005,Sagaing,MMR005D008,Hkamti,MMR005035,Lay Shi,1,5920,2
MMR005,Sagaing,MMR005D008,Hkamti,MMR005036,Lahe,1,39055,1
MMR005,Sagaing,MMR005D008,Hkamti,MMR005037,Nanyun,1,37400,1
MMR006,Tanintharyi,MMR006D001,Dawei,MMR006001,Dawei,1,73569,5
MMR006,Tanintharyi,MMR006D001,Dawei,MMR006002,Launglon,1,59795,4
MMR006,Tanintharyi,MMR006D001,Dawei,MMR006003,Thayetchaung,0,52517,4
MMR006,Tanintharyi,MMR006D001,Dawei,MMR006004,Yebyu,1,64378,3
MMR006,Tanintharyi,MMR006D002,Myeik,MMR006005,Myeik,0,116373,4
MMR006,Tanintharyi,MMR006D002,Myeik,MMR006006,Kyunsu,1,97395,4
MMR006,Tanintharyi,MMR006D002,Myeik,MMR006007,Palaw,0,63828,4
MMR006,Tanintharyi,MMR006D002,Myeik,MMR006008,Tanintharyi,1,56109,4
MMR006,Tanintharyi,MMR006D003,Kawthoung,MMR006009,Kawthoung,0,56019,4
MMR006,Tanintharyi,MMR006D003,Kawthoung,MMR006010,Bokpyin,1,42669,4
MMR009,Magway,MMR009D001,Magway,MMR009001,Magway,0,111734,6
MMR009,Magway,MMR009D001,Magway,MMR009002,Yenangyaung,0,54500,6
MMR009,Magway,MMR009D001,Magway,MMR009003,Chauk,0,76154,6
MMR009,Magway,MMR009D001,Magway,MMR009004,Taungdwingyi,0,111615,5
MMR009,Magway,MMR009D001,Magway,MMR009005,Myothit,0,77786,4
MMR009,Magway,MMR009D001,Magway,MMR009006,Natmauk,0,99040,4
MMR009,Magway,MMR009D002,Minbu,MMR009007,Minbu,0,76499,6
MMR009,Magway,MMR009D002,Minbu,MMR009008,Pwintbyu,0,72668,6
MMR009,Magway,MMR009D002,Minbu,MMR009009,Ngape,0,24276,4
MMR009,Magway,MMR009D002,Minbu,MMR009010,Salin,0,109374,5
MMR009,Magway,MMR009D002,Minbu,MMR009011,Sidoktaya,0,23235,5
MMR009,Magway,MMR009D003,Thayet,MMR009012,Thayet,0,48710,5
MMR009,Magway,MMR009D003,Thayet,MMR009013,Minhla,0,70916,5
MMR009,Magway,MMR009D003,Thayet,MMR009014,Mindon,0,27930,5
MMR009,Magway,MMR009D003,Thayet,MMR009015,Kamma,0,34959,5
MMR009,Magway,MMR009D003,Thayet,MMR009016,Aunglan,0,112014,6
MMR009,Magway,MMR009D003,Thayet,MMR009017,Sinbaungwe,1,59296,5
MMR009,Magway,MMR009D004,Pakokku,MMR009018,Pakokku,0,108232,6
MMR009,Magway,MMR009D004,Pakokku,MMR009019,Yesagyo,0,95165,5
MMR009,Magway,MMR009D004,Pakokku,MMR009020,Myaing,0,110650,4
MMR009,Magway,MMR009D004,Pakokku,MMR009021,Pauk,1,87821,4
MMR009,Magway,MMR009D004,Pakokku,MMR009022,Seikphyu,0,47793,4
MMR009,Magway,MMR009D005,Gangaw,MMR009023,Gangaw,0,55271,5
MMR009,Magway,MMR009D005,Gangaw,MMR009024,Tilin,0,21627,5
MMR009,Magway,MMR009D005,Gangaw,MMR009025,Saw,0,31442,5
MMR010,Mandalay,MMR010D001,Mandalay,MMR010001,Aungmyaythazan,0,56329,8
MMR010,Mandalay,MMR010D001,Mandalay,MMR010002,Chanayethazan,0,33226,8
MMR010,Mandalay,MMR010D001,Mandalay,MMR010003,Mahaaungmyay,0,49458,8
MMR010,Mandalay,MMR010D001,Mandalay,MMR010004,Chanmyathazi,0,71573,8
MMR010,Mandalay,MMR010D001,Mandalay,MMR010005,Pyigyitagon,0,61286,7
MMR010,Mandalay,MMR010D001,Mandalay,MMR010006,Amarapura,0,75102,7
MMR010,Mandalay,MMR010D001,Mandalay,MMR010007,Patheingyi,0,95120,6
MMR010,Mandalay,MMR010D002,Pyinoolwin,MMR010008,Pyinoolwin,0,102546,6
MMR010,Mandalay,MMR010D002,Pyinoolwin,MMR010009,Madaya,0,117003,5
MMR010,Mandalay,MMR010D002,Pyinoolwin,MMR010010,Singu,0,70006,5
MMR010,Mandalay,MMR010D002,Pyinoolwin,MMR010011,Mogoke,0,70979,6
MMR010,Mandalay,MMR010D002,Pyinoolwin,MMR010012,Thabeikkyin,0,81261,4
MMR010,Mandalay,MMR010D003,Kyaukse,MMR010013,Kyaukse,0,100001,6
MMR010,Mandalay,MMR010D003,Kyaukse,MMR010014,Sintgaing,0,52950,6
MMR010,Mandalay,MMR010D003,Kyaukse,MMR010015,Myittha,0,84571,5
MMR010,Mandalay,MMR010D003,Kyaukse,MMR010016,Tada-U,0,57816,5
MMR010,Mandalay,MMR010D004,Myingyan,MMR010017,Myingyan,0,111675,6
MMR010,Mandalay,MMR010D004,Myingyan,MMR010018,Taungtha,0,98003,5
MMR010,Mandalay,MMR010D004,Myingyan,MMR010019,Natogyi,0,74071,5
MMR010,Mandalay,MMR010D004,Myingyan,MMR010020,Kyaukpadaung,0,111703,5
MMR010,Mandalay,MMR010D004,Myingyan,MMR010021,Ngazun,0,57242,5
MMR010,Mandalay,MMR010D005,Nyaung-U,MMR010022,Nyaung-U,0,99954,6
MMR010,Mandalay,MMR010D006,Yamethin,MMR010023,Yamethin,0,115374,5
MMR010,Mandalay,MMR010D006,Yamethin,MMR010024,Pyawbwe,0,115257,5
MMR010,Mandalay,MMR010D007,Meiktila,MMR010028,Meiktila,0,107765,6
MMR010,Mandalay,MMR010D007,Meiktila,MMR010029,Mahlaing,0,59352,5
MMR010,Mandalay,MMR010D007,Meiktila,MMR010030,Thazi,0,85003,5
MMR010,Mandalay,MMR010D007,Meiktila,MMR010031,Wundwin,0,96762,5
MMR011,Mon,MMR011D001,Mawlamyine,MMR011001,Mawlamyine,0,102693,7
MMR011,Mon,MMR011D001,Mawlamyine,MMR011002,Kyaikmaraw,0,96086,3
MMR011,Mon,MMR011D001,Mawlamyine,MMR011003,Chaungzon,0,55105,4
MMR011,Mon,MMR011D001,Mawlamyine,MMR011004,Thanbyuzayat,0,73872,6
MMR011,Mon,MMR011D001,Mawlamyine,MMR011005,Mudon,0,70098,6
MMR011,Mon,MMR011D001,Mawlamyine,MMR011006,Ye,0,128006,3
MMR011,Mon,MMR011D002,Thaton,MMR011007,Thaton,0,103587,6
MMR011,Mon,MMR011D002,Thaton,MMR011008,Paung,0,96337,6
MMR011,Mon,MMR011D002,Thaton,MMR011009,Kyaikto,0,77898,6
MMR011,Mon,MMR011D002,Thaton,MMR011010,Bilin,1,91202,4
MMR012,Rakhine,MMR012D001,Sittwe,MMR012001,Sittwe,0,141949,3
MMR012,Rakhine,MMR012D001,Sittwe,MMR012002,Ponnagyun,1,104318,1
MMR012,Rakhine,MMR012D005,Mrauk-U,MMR012003,Mrauk-U,1,128153,4
MMR012,Rakhine,MMR012D005,Mrauk-U,MMR012004,Kyauktaw,1,146482,1
MMR012,Rakhine,MMR012D005,Mrauk-U,MMR012005,Minbya,1,122227,1
MMR012,Rakhine,MMR012D005,Mrauk-U,MMR012006,Myebon,1,98588,1
MMR012,Rakhine,MMR012D001,Sittwe,MMR012007,Pauktaw,1,131445,1
MMR012,Rakhine,MMR012D001,Sittwe,MMR012008,Rathedaung,1,117060,1
MMR012,Rakhine,MMR012D002,Maungdaw,MMR012009,Maungdaw,1,314872,2
MMR012,Rakhine,MMR012D002,Maungdaw,MMR012010,Buthidaung,1,199235,2
MMR012,Rakhine,MMR012D003,Kyaukpyu,MMR012011,Kyaukpyu,1,103916,1
MMR012,Rakhine,MMR012D003,Kyaukpyu,MMR012012,Munaung,0,27832,5
MMR012,Rakhine,MMR012D003,Kyaukpyu,MMR012013,Ramree,1,61253,4
MMR012,Rakhine,MMR012D003,Kyaukpyu,MMR012014,Ann,1,69397,1
MMR012,Rakhine,MMR012D004,Thandwe,MMR012015,Thandwe,0,58017,5
MMR012,Rakhine,MMR012D004,Thandwe,MMR012016,Toungup,1,80328,4
MMR012,Rakhine,MMR012D004,Thandwe,MMR012017,Gwa,0,30174,5
MMR013,Yangon,MMR013D001,Yangon (North),MMR013001,Insein,0,52447,8
MMR013,Yangon,MMR013D001,Yangon (North),MMR013002,Mingaladon,0,59989,8
MMR013,Yangon,MMR013D001,Yangon (North),MMR013003,Hmawbi,0,79043,7
MMR013,Yangon,MMR013D001,Yangon (North),MMR013004,Hlegu,0,94356,6
MMR013,Yangon,MMR013D001,Yangon (North),MMR013005,Taikkyi,0,115373,6
MMR013,Yangon,MMR013D001,Yangon (North),MMR013006,Htantabin (Y),0,67016,5
MMR013,Yangon,MMR013D001,Yangon (North),MMR013007,Shwepyithar,0,78572,8
MMR013,Yangon,MMR013D001,Yangon (North),MMR013008,Hlaingtharya,0,137564,8
MMR013,Yangon,MMR013D002,Yangon (East),MMR013009,Thingangyun,0,25942,8
MMR013,Yangon,MMR013D002,Yangon (East),MMR013010,Yankin,0,7440,8
MMR013,Yangon,MMR013D002,Yangon (East),MMR013011,South Okkalapa,0,19864,8
MMR013,Yangon,MMR013D002,Yangon (East),MMR013012,North Okkalapa,0,54741,8
MMR013,Yangon,MMR013D002,Yangon (East),MMR013013,Thaketa,0,60284,8
MMR013,Yangon,MMR013D002,Yangon (East),MMR013014,Dawbon,0,12845,8
MMR013,Yangon,MMR013D002,Yangon (East),MMR013015,Tamwe,0,21106,8
MMR013,Yangon,MMR013D002,Yangon (East),MMR013016,Pazundaung,0,6223,8
MMR013,Yangon,MMR013D002,Yangon (East),MMR013017,Botahtaung,0,4686,8
MMR013,Yangon,MMR013D002,Yangon (East),MMR013018,Dagon Myothit (South),0,81275,8
MMR013,Yangon,MMR013D002,Yangon (East),MMR013019,Dagon Myothit (North),0,32053,8
MMR013,Yangon,MMR013D002,Yangon (East),MMR013020,Dagon Myothit (East),0,42667,7
MMR013,Yangon,MMR013D002,Yangon (East),MMR013021,Dagon Myothit (Seikkan),0,45910,7
MMR013,Yangon,MMR013D002,Yangon (East),MMR013022,Mingalartaungnyunt,0,19385,8
MMR013,Yangon,MMR013D003,Yangon (South),MMR013023,Thanlyin,0,92860,7
MMR013,Yangon,MMR013D003,Yangon (South),MMR013024,Kyauktan,0,77471,6
MMR013,Yangon,MMR013D003,Yangon (South),MMR013025,Thongwa,0,78699,5
MMR013,Yangon,MMR013D003,Yangon (South),MMR013026,Kayan,0,75710,5
MMR013,Yangon,MMR013D003,Yangon (South),MMR013027,Twantay,0,109254,4
MMR013,Yangon,MMR013D003,Yangon (South),MMR013028,Kawhmu,0,58874,5
MMR013,Yangon,MMR013D003,Yangon (South),MMR013029,Kungyangon,0,51150,5
MMR013,Yangon,MMR013D003,Yangon (South),MMR013030,Dala,0,67062,7
MMR013,Yangon,MMR013D003,Yangon (South),MMR013031,Seikgyikanaungto,0,9890,7
MMR013,Yangon,MMR013D003,Yangon (South),MMR013032,Cocokyun,0,478,6
MMR013,Yangon,MMR013D004,Yangon (West),MMR013033,Kyauktada,0,3543,8
MMR013,Yangon,MMR013D004,Yangon (West),MMR013034,Pabedan,0,4848,8
MMR013,Yangon,MMR013D004,Yangon (West),MMR013035,Lanmadaw,0,5143,8
MMR013,Yangon,MMR013D004,Yangon (West),MMR013036,Latha,0,3024,8
MMR013,Yangon,MMR013D004,Yangon (West),MMR013037,Ahlone,0,6561,8
MMR013,Yangon,MMR013D004,Yangon (West),MMR013038,Kyeemyindaing,0,25111,8
MMR013,Yangon,MMR013D004,Yangon (West),MMR013039,Sanchaung,0,9672,8
MMR013,Yangon,MMR013D004,Yangon (West),MMR013040,Hlaing,0,20536,8
MMR013,Yangon,MMR013D004,Yangon (West),MMR013041,Kamaryut,0,6930,8
MMR013,Yangon,MMR013D004,Yangon (West),MMR013042,Mayangone,0,30530,8
MMR013,Yangon,MMR013D004,Yangon (West),MMR013043,Dagon,0,1618,8
MMR013,Yangon,MMR013D004,Yangon (West),MMR013044,Bahan,0,11560,8
MMR013,Yangon,MMR013D004,Yangon (West),MMR013045,Seikkan,0,484,8
MMR017,Ayeyarwady,MMR017D001,Pathein,MMR017001,Pathein,0,145431,6
MMR017,Ayeyarwady,MMR017D001,Pathein,MMR017002,Kangyidaunt,0,88795,4
MMR017,Ayeyarwady,MMR017D001,Pathein,MMR017003,Thabaung,1,77951,4
MMR017,Ayeyarwady,MMR017D001,Pathein,MMR017004,Ngapudaw,1,167250,4
MMR017,Ayeyarwady,MMR017D001,Pathein,MMR017005,Kyonpyaw,0,105484,4
MMR017,Ayeyarwady,MMR017D001,Pathein,MMR017006,Yegyi,0,84097,5
MMR017,Ayeyarwady,MMR017D001,Pathein,MMR017007,Kyaunggon,0,73755,5
MMR017,Ayeyarwady,MMR017D002,Hinthada,MMR017008,Hinthada,0,138522,5
MMR017,Ayeyarwady,MMR017D002,Hinthada,MMR017009,Zalun,0,74733,5
MMR017,Ayeyarwady,MMR017D002,Hinthada,MMR017010,Lemyethna,0,47266,5
MMR017,Ayeyarwady,MMR017D002,Hinthada,MMR017011,Myanaung,0,93960,5
MMR017,Ayeyarwady,MMR017D002,Hinthada,MMR017012,Kyangin,0,38937,5
MMR017,Ayeyarwady,MMR017D002,Hinthada,MMR017013,Ingapu,0,95231,5
MMR017,Ayeyarwady,MMR017D003,Myaungmya,MMR017014,Myaungmya,1,149611,4
MMR017,Ayeyarwady,MMR017D003,Myaungmya,MMR017015,Einme,1,98281,4
MMR017,Ayeyarwady,MMR017D004,Labutta,MMR017016,Labutta,1,175687,4
MMR017,Ayeyarwady,MMR017D003,Myaungmya,MMR017017,Wakema,1,151170,4
MMR017,Ayeyarwady,MMR017D004,Labutta,MMR017018,Mawlamyinegyun,1,161843,4
MMR017,Ayeyarwady,MMR017D005,Maubin,MMR017019,Maubin,1,157571,4
MMR017,Ayeyarwady,MMR017D005,Maubin,MMR017020,Pantanaw,0,127856,4
MMR017,Ayeyarwady,MMR017D005,Maubin,MMR017021,Nyaungdon,0,101566,5
MMR017,Ayeyarwady,MMR017D005,Maubin,MMR017022,Danubyu,0,77046,5
MMR017,Ayeyarwady,MMR017D006,Pyapon,MMR017023,Pyapon,1,165810,4
MMR017,Ayeyarwady,MMR017D006,Pyapon,MMR017024,Bogale,1,178504,4
MMR017,Ayeyarwady,MMR017D006,Pyapon,MMR017025,Kyaiklat,1,100013,4
MMR017,Ayeyarwady,MMR017D006,Pyapon,MMR017026,Dedaye,1,107400,4
MMR018,Nay Pyi Taw,MMR018D001,Nay Pyi Taw (North),MMR018001,Zay Yar Thi Ri,0,34249,6
MMR018,Nay Pyi Taw,MMR018D002,Nay Pyi Taw (South),MMR018002,Za Bu Thi Ri,0,11860,8
MMR018,Nay Pyi Taw,MMR018D001,Nay Pyi Taw (North),MMR018003,Tatkon,0,90423,5
MMR018,Nay Pyi Taw,MMR018D002,Nay Pyi Taw (South),MMR018004,Det Khi Na Thi Ri,0,19523,6
MMR018,Nay Pyi Taw,MMR018D001,Nay Pyi Taw (North),MMR018005,Poke Ba Thi Ri,0,36976,7
MMR018,Nay Pyi Taw,MMR018D002,Nay Pyi Taw (South),MMR018006,Pyinmana,0,58857,6
MMR018,Nay Pyi Taw,MMR018D002,Nay Pyi Taw (South),MMR018007,Lewe,0,124781,4
MMR018,Nay Pyi Taw,MMR018D001,Nay Pyi Taw (North),MMR018008,Oke Ta Ra Thi Ri,0,33673,6
MMR111,Bago,MMR007D001,Bago,MMR007001,Bago,0,171340,6
MMR111,Bago,MMR007D001,Bago,MMR007002,Thanatpin,1,77956,4
MMR111,Bago,MMR007D001,Bago,MMR007003,Kawa,1,105321,4
MMR111,Bago,MMR007D001,Bago,MMR007004,Waw,1,91317,4
MMR111,Bago,MMR007D001,Bago,MMR007005,Nyaunglebin,0,82328,6
MMR111,Bago,MMR007D001,Bago,MMR007006,Kyauktaga,0,115734,6
MMR111,Bago,MMR007D001,Bago,MMR007007,Daik-U,0,88520,6
MMR111,Bago,MMR007D001,Bago,MMR007008,Shwegyin,0,50407,4
MMR111,Bago,MMR007D002,Taungoo,MMR007009,Taungoo,0,94532,6
MMR111,Bago,MMR007D002,Taungoo,MMR007010,Yedashe,0,98614,6
MMR111,Bago,MMR007D002,Taungoo,MMR007011,Kyaukkyi,1,58240,4
MMR111,Bago,MMR007D002,Taungoo,MMR007012,Phyu,0,112089,6
MMR111,Bago,MMR007D002,Taungoo,MMR007013,Oktwin,0,73156,4
MMR111,Bago,MMR007D002,Taungoo,MMR007014,Htantabin,0,55205,4
MMR111,Bago,MMR008D001,Pyay,MMR008001,Pyay,0,79906,6
MMR111,Bago,MMR008D001,Pyay,MMR008002,Paukkhaung,0,58571,5
MMR111,Bago,MMR008D001,Pyay,MMR008003,Padaung,0,57077,6
MMR111,Bago,MMR008D001,Pyay,MMR008004,Paungde,0,58252,6
MMR111,Bago,MMR008D001,Pyay,MMR008005,Thegon,0,51360,6
MMR111,Bago,MMR008D001,Pyay,MMR008006,Shwedaung,0,48265,6
MMR111,Bago,MMR008D002,Thayarwady,MMR008007,Thayarwady,0,66427,5
MMR111,Bago,MMR008D002,Thayarwady,MMR008008,Letpadan,0,81511,4
MMR111,Bago,MMR008D002,Thayarwady,MMR008009,Minhla (B),0,53206,5
MMR111,Bago,MMR008D002,Thayarwady,MMR008010,Okpho,0,55401,5
MMR111,Bago,MMR008D002,Thayarwady,MMR008011,Zigon,0,26453,6
MMR111,Bago,MMR008D002,Thayarwady,MMR008012,Nattalin,0,73869,5
MMR111,Bago,MMR008D002,Thayarwady,MMR008013,Monyo,0,61531,5
MMR111,Bago,MMR008D002,Thayarwady,MMR008014,Gyobingauk,0,48225,5
MMR222,Shan,MMR014D001,Taunggyi,MMR014001,Taunggyi,0,195963,6
MMR222,Shan,MMR014D001,Taunggyi,MMR014002,Nyaungshwe,0,82266,6
MMR222,Shan,MMR014D001,Taunggyi,MMR014003,Hopong,1,57283,2
MMR222,Shan,MMR014D001,Taunggyi,MMR014004,Hsihseng,1,79477,2
MMR222,Shan,MMR014D001,Taunggyi,MMR014005,Kalaw,0,74607,6
MMR222,Shan,MMR014D001,Taunggyi,MMR014006,Pindaya,0,33601,6
MMR222,Shan,MMR014D001,Taunggyi,MMR014007,Ywangan,0,39498,4
MMR222,Shan,MMR014D001,Taunggyi,MMR014008,Lawksawk,0,79224,3
MMR222,Shan,MMR014D001,Taunggyi,MMR014009,Pinlaung,1,104661,2
MMR222,Shan,MMR014D001,Taunggyi,MMR014010,Pekon,1,56004,3
MMR222,Shan,MMR014D002,Loilen,MMR014011,Loilen,1,75785,2
MMR222,Shan,MMR014D002,Loilen,MMR014012,Laihka,1,29376,2
MMR222,Shan,MMR014D002,Loilen,MMR014013,Nansang,1,67622,2
MMR222,Shan,MMR014D002,Loilen,MMR014014,Kunhing,1,34205,1
MMR222,Shan,MMR014D002,Loilen,MMR014015,Keshi,1,55061,1
MMR222,Shan,MMR014D002,Loilen,MMR014016,Mongkaing,1,52805,1
MMR222,Shan,MMR014D002,Loilen,MMR014017,Monghsu,1,49557,1
MMR222,Shan,MMR014D003,Langkho,MMR014018,Langkho,0,18301,3
MMR222,Shan,MMR014D003,Langkho,MMR014019,Mongnai,0,18058,3
MMR222,Shan,MMR014D003,Langkho,MMR014020,Mawkmai,1,22286,2
MMR222,Shan,MMR014D003,Langkho,MMR014021,Mongpan,1,15346,3
MMR222,Shan,MMR015D001,Lashio,MMR015001,Lashio,1,166339,3
MMR222,Shan,MMR015D001,Lashio,MMR015002,Hseni/Theinni,1,32440,2
MMR222,Shan,MMR015D001,Lashio,MMR015003,Mongyai,1,43968,1
MMR222,Shan,MMR015D001,Lashio,MMR015004,Tangyan,1,124323,1
MMR222,Shan,MMR015D007,Matman,MMR015005,Pangsang,1,71616,1
MMR222,Shan,MMR015D007,Matman,MMR015006,Narphan,1,81721,1
MMR222,Shan,MMR015D006,Hopang,MMR015007,Pangwaun,1,67292,1
MMR222,Shan,MMR015D006,Hopang,MMR015008,Mongmao,1,45279,1
MMR222,Shan,MMR015D002,Muse,MMR015009,Muse,0,78372,3
MMR222,Shan,MMR015D002,Muse,MMR015010,Namkhan,1,58749,2
MMR222,Shan,MMR015D002,Muse,MMR015011,Kukai,1,111939,1
MMR222,Shan,MMR015D003,Kyaukme,MMR015012,Kyaukme,1,99250,2
MMR222,Shan,MMR015D003,Kyaukme,MMR015013,Nawnghkio,1,76951,5
MMR222,Shan,MMR015D003,Kyaukme,MMR015014,Hsipaw,1,113313,1
MMR222,Shan,MMR015D003,Kyaukme,MMR015015,Namtu,1,29060,2
MMR222,Shan,MMR015D003,Kyaukme,MMR015016,Namhsan,1,46297,2
MMR222,Shan,MMR015D003,Kyaukme,MMR015017,Mongmit,1,37067,4
MMR222,Shan,MMR015D003,Kyaukme,MMR015018,Mabein,0,21259,5
MMR222,Shan,MMR015D003,Kyaukme,MMR015019,Manton,1,28980,1
MMR222,Shan,MMR015D004,Kunlong,MMR015020,Kunlong,1,35603,2
MMR222,Shan,MMR015D006,Hopang,MMR015021,Hopang,1,33421,1
MMR222,Shan,MMR015D005,Laukkaing,MMR015022,Laukkaing,1,51490,1
MMR222,Shan,MMR015D005,Laukkaing,MMR015023,Konkyan,1,45246,1
MMR222,Shan,MMR015D007,Matman,MMR015024,Matman,1,14513,1
MMR222,Shan,MMR016D001,Kengtung,MMR016001,Kengtung,1,94619,3
MMR222,Shan,MMR016D001,Kengtung,MMR016002,Mongkhet,1,30183,1
MMR222,Shan,MMR016D001,Kengtung,MMR016003,Mongyang,1,67183,1
MMR222,Shan,MMR016D001,Kengtung,MMR016005,Mongla,0,19182,3
MMR222,Shan,MMR016D002,Monghsat,MMR016006,Monghsat,1,60708,1
MMR222,Shan,MMR016D002,Monghsat,MMR016007,Mongping,1,44858,2
MMR222,Shan,MMR016D002,Monghsat,MMR016008,Mongton,1,49005,1
MMR222,Shan,MMR016D003,Tachileik,MMR016009,Tachileik,0,65274,3
MMR222,Shan,MMR016D004,Monghpyak,MMR016010,Monghpyak,1,15780,3
MMR222,Shan,MMR016D004,Monghpyak,MMR016011,Mongyawng,1,52384,1
